{"cameraMode":{"drawMode":0,"name":"Shaded","section":"Shading Mode"},"sceneLighting":true,"audioPlay":false,"sceneViewState":{"showFog":true,"showMaterialUpdate":false,"showSkybox":true,"showFlares":true,"showImageEffects":true,"showParticleSystems":true},"in2DMode":false,"pivot":{"x":-21.736778259277345,"y":-15.11255168914795,"z":-3.328828811645508},"rotation":{"x":0.23074056208133698,"y":-0.43449875712394717,"z":0.11619554460048676,"w":0.8628257513046265},"size":20.25598907470703,"orthographic":false}