{"cameraMode":{"drawMode":0,"name":"Shaded","section":"Shading Mode"},"sceneLighting":false,"audioPlay":false,"sceneViewState":{"showFog":true,"showMaterialUpdate":false,"showSkybox":false,"showFlares":true,"showImageEffects":true,"showParticleSystems":true},"in2DMode":false,"pivot":{"x":-1.059999942779541,"y":3.9579672813415529,"z":10.0},"rotation":{"x":-0.003309685504063964,"y":0.0005970131605863571,"z":-0.0000020273394056857798,"w":-0.9999942183494568},"size":1.2219640016555787,"orthographic":false}