{"cameraMode":{"drawMode":0,"name":"Shaded","section":"Shading Mode"},"sceneLighting":true,"audioPlay":false,"sceneViewState":{"showFog":true,"showMaterialUpdate":false,"showSkybox":true,"showFlares":true,"showImageEffects":true,"showParticleSystems":true},"in2DMode":false,"pivot":{"x":-6.610993385314941,"y":1.6073005199432374,"z":20.06999969482422},"rotation":{"x":-0.2779853940010071,"y":0.062476448714733127,"z":-0.01812114380300045,"w":-0.9583836793899536},"size":0.7071067690849304,"orthographic":false}