{"cameraMode":{"drawMode":0,"name":"Shaded","section":"Shading Mode"},"sceneLighting":false,"audioPlay":false,"sceneViewState":{"showFog":true,"showMaterialUpdate":false,"showSkybox":false,"showFlares":true,"showImageEffects":true,"showParticleSystems":true},"in2DMode":false,"pivot":{"x":-7.1288042068481449,"y":7.900480270385742,"z":-9.726936340332032},"rotation":{"x":-0.11426898837089539,"y":0.147550567984581,"z":-0.017164507880806924,"w":-0.9822812676429749},"size":11.662188529968262,"orthographic":false}