{"cameraMode":{"drawMode":0,"name":"Shaded","section":"Shading Mode"},"sceneLighting":false,"audioPlay":false,"sceneViewState":{"showFog":true,"showMaterialUpdate":false,"showSkybox":false,"showFlares":true,"showImageEffects":true,"showParticleSystems":true},"in2DMode":false,"pivot":{"x":-0.0022783279418945314,"y":1.7844631671905518,"z":2.282006025314331},"rotation":{"x":-0.20381546020507813,"y":0.702679455280304,"z":-0.2222317010164261,"w":-0.6444485187530518},"size":2.573488235473633,"orthographic":false}