{"cameraMode":{"drawMode":0,"name":"Shaded","section":"Shading Mode"},"sceneLighting":true,"audioPlay":false,"sceneViewState":{"showFog":true,"showMaterialUpdate":false,"showSkybox":true,"showFlares":true,"showImageEffects":true,"showParticleSystems":true},"in2DMode":false,"pivot":{"x":1.3497288227081299,"y":2.359734535217285,"z":-5.565834999084473},"rotation":{"x":-0.3623715341091156,"y":0.0005551629583351314,"z":-0.0002172985696233809,"w":-0.9320389628410339},"size":2.5584099292755129,"orthographic":false}