{"cameraMode":{"drawMode":0,"name":"Shaded","section":"Shading Mode"},"sceneLighting":false,"audioPlay":false,"sceneViewState":{"showFog":true,"showMaterialUpdate":false,"showSkybox":false,"showFlares":true,"showImageEffects":true,"showParticleSystems":true},"in2DMode":false,"pivot":{"x":790.4627685546875,"y":547.0413818359375,"z":-48.41180419921875},"rotation":{"x":-0.04079807177186012,"y":0.0020954960491508247,"z":-0.00008565295865992084,"w":-0.9991654753684998},"size":320.0712890625,"orthographic":false}