{"cameraMode":{"drawMode":0,"name":"Shaded","section":"Shading Mode"},"sceneLighting":true,"audioPlay":false,"sceneViewState":{"showFog":true,"showMaterialUpdate":false,"showSkybox":true,"showFlares":true,"showImageEffects":true,"showParticleSystems":true},"in2DMode":false,"pivot":{"x":809.5015869140625,"y":460.4397888183594,"z":-31.0074462890625},"rotation":{"x":-0.12893131375312806,"y":0.3229801058769226,"z":-0.0444645956158638,"w":-0.9365277886390686},"size":629.849853515625,"orthographic":false}