{"cameraMode":{"drawMode":0,"name":"Shaded","section":"Shading Mode"},"sceneLighting":false,"audioPlay":false,"sceneViewState":{"showFog":true,"showMaterialUpdate":false,"showSkybox":false,"showFlares":true,"showImageEffects":true,"showParticleSystems":true},"in2DMode":false,"pivot":{"x":-1.059999942779541,"y":1.9579675197601319,"z":10.0},"rotation":{"x":-0.12893131375312806,"y":0.3229801058769226,"z":-0.0444645956158638,"w":-0.9365277886390686},"size":1.2219640016555787,"orthographic":false}