{"cameraMode":{"drawMode":0,"name":"Shaded","section":"Shading Mode"},"sceneLighting":false,"audioPlay":false,"sceneViewState":{"showFog":true,"showMaterialUpdate":false,"showSkybox":false,"showFlares":true,"showImageEffects":true,"showParticleSystems":true},"in2DMode":false,"pivot":{"x":665.1091918945313,"y":338.47808837890627,"z":223.5313720703125},"rotation":{"x":-0.0572647824883461,"y":0.021560154855251313,"z":-0.0012370412005111576,"w":-0.9981260895729065},"size":388.08013916015627,"orthographic":false}