{"cameraMode":{"drawMode":0,"name":"Shaded","section":"Shading Mode"},"sceneLighting":false,"audioPlay":false,"sceneViewState":{"showFog":true,"showMaterialUpdate":false,"showSkybox":false,"showFlares":true,"showImageEffects":true,"showParticleSystems":true},"in2DMode":false,"pivot":{"x":0.0,"y":3.1800003051757814,"z":2.2300000190734865},"rotation":{"x":-0.24523571133613587,"y":-0.2518288791179657,"z":0.06613241136074066,"w":-0.9338459372520447},"size":7.905694007873535,"orthographic":false}