{"cameraMode":{"drawMode":0,"name":"Shaded","section":"Shading Mode"},"sceneLighting":false,"audioPlay":false,"sceneViewState":{"showFog":true,"showMaterialUpdate":false,"showSkybox":true,"showFlares":true,"showImageEffects":true,"showParticleSystems":true},"in2DMode":false,"pivot":{"x":0.44870051741600039,"y":3.1136550903320314,"z":-4.433335304260254},"rotation":{"x":0.3507978320121765,"y":0.020229896530508996,"z":-0.007618064992129803,"w":0.9362353086471558},"size":11.599687576293946,"orthographic":false}