{"cameraMode":{"drawMode":0,"name":"Shaded","section":"Shading Mode"},"sceneLighting":false,"audioPlay":false,"sceneViewState":{"showFog":true,"showMaterialUpdate":false,"showSkybox":false,"showFlares":true,"showImageEffects":true,"showParticleSystems":true},"in2DMode":false,"pivot":{"x":0.04064590111374855,"y":-0.005067907273769379,"z":-0.05550140142440796},"rotation":{"x":0.390299528837204,"y":-0.24205957353115083,"z":-0.10713983327150345,"w":-0.8818171620368958},"size":0.0573834553360939,"orthographic":false}