{"cameraMode":{"drawMode":0,"name":"Shaded","section":"Shading Mode"},"sceneLighting":true,"audioPlay":false,"sceneViewState":{"showFog":true,"showMaterialUpdate":false,"showSkybox":true,"showFlares":true,"showImageEffects":true,"showParticleSystems":true},"in2DMode":false,"pivot":{"x":-0.20806843042373658,"y":3.072826862335205,"z":0.31616973876953127},"rotation":{"x":-0.14824773371219636,"y":0.013940907083451748,"z":-0.0020893290638923647,"w":-0.9888607263565064},"size":2.7899210453033449,"orthographic":false}