{"cameraMode":{"drawMode":0,"name":"Shaded","section":"Shading Mode"},"sceneLighting":true,"audioPlay":false,"sceneViewState":{"showFog":true,"showMaterialUpdate":false,"showSkybox":true,"showFlares":true,"showImageEffects":true,"showParticleSystems":true},"in2DMode":false,"pivot":{"x":-17.726600646972658,"y":-13.96155071258545,"z":-2.4524717330932619},"rotation":{"x":0.19449257850646974,"y":-0.7042496800422669,"z":0.2109314352273941,"w":0.6494126915931702},"size":23.512632369995118,"orthographic":false}